topic_id,label,n_packages,mean_fragility,median_fragility,mean_criticality,pct_bus_factor_1,mean_days_since_release
2,Apache / Java Commons legacy infrastructure,27,0.7206354998307304,0.8588698401872225,0.47634656437819445,74.07407407407408,1229.4074074074074
4,Microsoft / .NET + npm ecosystem,127,0.6064517706580225,0.7307634904071162,0.4541867894618626,51.181102362204726,1621.748031496063
1,HTTP & web protocol utilities,35,0.5633206066287328,0.4235055225583899,0.46035215178008254,42.857142857142854,833.6857142857143
0,Gulp / JS build & task tooling,44,0.543458630504068,0.4123537581073644,0.4458083932125213,38.63636363636363,1240.2954545454545
3,Karma / JS test runners,14,0.48612647992587404,0.3628073289096182,0.4802894277365722,28.57142857142857,1202.2142857142858
