topic_id,label,n_packages,mean_fragility,median_fragility,mean_criticality,pct_bus_factor_1,mean_days_since_release
2,Apache / Java Commons infrastructure,26,0.7148015934620732,0.8441648128412227,0.4784354292090182,73.07692307692307,1232.3846153846155
5,Cross-platform polyfills & environment utilities,55,0.629793777890329,0.7655301830344606,0.45025003306616534,54.54545454545454,920.2
4,"Microsoft / .NET ecosystem (Entity Framework, logging)",82,0.5832494538892892,0.4481291611310029,0.45668904028565993,47.5609756097561,1993.1097560975609
1,HTTP & web protocol utilities,32,0.5703020920509898,0.42373382009514093,0.46285761120886365,43.75,838.96875
0,Gulp / task-runner build tooling,40,0.5610911339045707,0.43876333757278135,0.445302152202078,42.5,1281.9
3,Karma & JS test runners,12,0.43061986061893426,0.3567932070764943,0.47666018113076625,16.666666666666664,1294.0
